,詞頻
 ,8521
公司,400
年,367
2019,321
管理,272
安全,165
議題,128
社會,123
員工,118
企業,117
產品,105
台塑,104
環境,103
廠區,103
責任,102
102,99
重大,97
報告,93
環保,87
推動,85
性,85
風險,82
工業,82
報告書,79
台灣,79
營運,75
改善,74
技術,73
永續,71
發展,71
目標,70
衛生,70
塑膠,67
2016,66
污染,65
級,64
排放,63
年度,62
經濟,62
單位,61
寮,61
績效,61
月,59
氣體,59
進行,59
安全衛生,59
麥,58
主管,57
溫室,56
供應,55
103,55
人員,54
有限,53
處理,52
關係,52
有限公司,52
廠,52
塑造,52
AI,49
持續,49
資源,49
政策,49
減量,49
研發,48
塑膠工業,48
製程,47
健康,47
官網,47
創新,47
股份,47
水量,47
方針,46
使用,46
CSR,45
客戶,45
2018,44
相關,44
資訊,44
能源,44
傷害,44
職業,44
董事,43
空氣,43
提升,41
註,41
承攬,39
利害,39
評估,39
仁武,39
已,38
治理,38
關係人,38
社區,38
工作,38
投資,38
噸,38
採購,37
產業,37
水資源,37
網站,37
年版,37
經營,37
用水,36
比例,36
應變,36
系統,36
訓練,35
參閱,35
供應商,35
10,35
回收,35
服務,34
政府,34
職場,34
請參閱,34
利用,34
再,34
率,34
人數,34
項目,34
活動,33
100%,33
3.2,33
資料,33
參與,33
人,33
平均,33
生產,32
法令,32
設備,32
乙烯,32
廢水,32
衝擊,32
主要,31
商,31
鑑別,31
2020,31
完成,31
對照,30
指標,30
廢棄,30
棄物,30
全球,30
合計,30
總,29
標準,29
2.2,29
廢棄物,29
要求,29
人才,29
林園,28
事業,28
階段,28
以上,28
經理,28
當地,28
發生,28
溝通,27
福利,27
開發,27
投入,27
日,27
組織,26
提供,26
後,26
水,26
作業,26
節能,26
總經理,26
符合,26
5.1,26
降低,25
項,25
403,25
保護,25
2.3,25
統計,25
廠商,25
參考,24
章節,24
揭露,24
緊急,24
主題,24
遵循,24
價值,24
失能,23
萬元,23
合作,23
石化,23
GRI,23
12,23
丙烯,23
各項,23
品質,22
占,22
程度,22
中,22
事件,22
對應,22
查證,22
製造,22
回應,22
雨水,22
類別,22
執行,21
董事長,21
面向,21
化學,21
強化,21
概況,21
處,21
萬噸,21
30,21
用水量,21
危害,21
億元,21
說明,21
3.3,21
財務,21
定期,20
權益,20
居民,20
範疇,20
15,20
4.2,20
國際,20
100,20
11,20
每年,20
高,20
監測,19
部門,19
機制,19
針對,19
薪資,19
時,19
未來,19
來源,19
報導,19
污染物,19
第三,19
措施,19
機構,19
法規,19
價值鏈,19
承諾,19
物質,18
透過,18
方式,18
應用,18
綠色,18
金額,18
1.2,18
發電,18
2017,18
事故,18
影響,18
專案,18
規定,18
高雄市,17
確保,17
空氣污染,17
因應,17
團體,17
工程,17
設置,17
地下,17
嚴重,17
消防,17
教育,17
室,17
異常,17
能力,17
纖維,17
分析,17
減少,17
6.1,17
能源管理,17
培訓,17
供應鏈,17
5.2,17
計畫,16
事業部,16
管制,16
環境保護,16
節水,16
準則,16
加強,16
協助,16
銷售,16
下水,16
委員,16
地下水,16
委員會,16
含,16
一年,16
正式,16
中心,15
同仁,15
預計,15
303,15
3.4,15
工安,15
協會,15
新港,15
區,15
國內,15
所有,15
B,15
地方,15
高雄,15
專家,15
聲明,15
年底,15
量,15
預估,15
氧化,14
地區,14
新,14
調查,14
各廠,14
聲明書,14
演練,14
收集,14
評核,14
舉辦,14
防制,14
盤查,14
分,14
獎金,14
學者,14
前,14
涉入,14
股東,14
市場,14
基層,14
促進,14
305,14
次,14
聚乙烯,14
數據,14
實體,14
美國,14
長期,14
取得,13
董事會,13
專家學者,13
14,13
︵,13
積極,13
負責,13
︶,13
增加,13
家學,13
外,13
44,13
度,13
辨識,13
調整,13
要素,13
違反,13
效率,13
整合,13
零排放,13
內容,13
頻率,13
滿意,13
環保署,13
材料,13
件,13
建置,13
3.6,13
名,13
件數,13
原,13
氣候,13
副總,12
智慧,12
營業,12
男性,12
專業,12
標的,12
包含,12
實際,12
歲,12
6.2,12
關懷,12
外部,12
全,12
最佳,12
繁榮,12
情形,12
有效,12
13,12
效益,12
第四,12
2.1,12
使,12
4.1,12
女性,12
分解,12
小時,12
氯乙烯,12
排水,12
達到,12
課程,12
成本,12
認證,12
幸福,12
時數,12
　,12
化學物質,12
成績,12
20,11
1.4,11
增設,11
循環,11
管道,11
損失,11
16,11
分別,11
關注,11
電子,11
繁榮經濟,11
達成,11
配合,11
密集,11
產能,11
需求,11
營,11
小組,11
差別,11
策略,11
落實,11
土壤,11
CDP,11
結構,11
機會,11
提高,11
辦理,11
離職,11
風電,11
藉由,11
三方,11
場,11
領域,11
人工,11
已於,11
依據,11
擴大,11
原則,10
努力,10
檢討,10
無,10
聚丙烯,10
工場,10
台,10
即時,10
預定,10
差別化,10
體驗,10
物料,10
人次,10
基礎,10
競爭力,10
光纖,10
3.1,10
×,10
排放量,10
制度,10
歡迎,10
擔任,10
原料,10
提出,10
競爭,10
獨立,10
加速,10
第三方,10
理念,10
產品銷售,10
會計,10
電腦,10
案,10
密集度,10
位,10
大學,10
變遷,10
氣候變遷,10
申請,10
有害,10
成效,10
50,10
人工智慧,10
冬山,10
雲林,10
詳,10
多元,10
保障,10
目前,10
人權,10
經濟部,10
風機,10
需,9
育嬰,9
係,9
401,9
造成,9
給予,9
協理,9
總計,9
交通,9
洩漏,9
葉片,9
發電量,9
優良,9
生物,9
公用,9
I,9
內控,9
勞動,9
趨勢,9
管線,9
電量,9
燃料,9
設施,9
組成,9
源頭,9
年產,9
碳纖維,9
條件,9
平台,9
詳情,9
共同,9
廠處,9
統計表,9
獲獎,9
應對,9
防治,9
工研院,9
障礙,9
身心,9
僱用,9
科技,9
親睦,9
直接,9
滿意度,9
運作,9
稽核,9
下游,9
副總經理,9
議合,9
安衛環,9
自主,9
員工福利,9
中度,9
敦,8
審查,8
丙烯酸,8
容器,8
烯酸,8
雲,8
3.5,8
49,8
二氧,8
管理系,8
產學,8
瞭解,8
BSI,8
均值,8
SR,8
平均值,8
FR,8
追蹤,8
狀況,8
確認,8
意見,8
應,8
箱,8
品牌,8
規劃,8
避免,8
亦,8
管理系統,8
小,8
委託,8
召集,8
年齡,8
次數,8
電力,8
農業,8
取用,8
邁向,8
召集人,8
座,8
停薪,8
建立,8
回饋,8
環保局,8
取水,8
獎項,8
節省,8
負責人,8
責人,8
C,8
具體,8
優於,8
留職,8
等級,8
學童,8
留職停薪,8
內部,8
高階,8
復職,8
半年,8
以下,8
ISO,8
獎勵,8
24,8
退休,8
薪酬,8
表現,8
友善,8
化碳,8
排水量,8
可分,8
可分解,8
完工,8
機關,8
業,8
描述,8
歷程,8
投產,8
通報,8
報,8
歷年,8
台北,8
四年,8
201,8
公告,8
達,8
分級,8
簽署,8
值,8
比率,8
e,8
基層人員,8
高度,8
300,8
2.5,8
低度,8
案例,8
18,8
立即,8
反應,8
鄰,8
規範,8
28,8
離岸,8
性別,8
氧化碳,7
掌握,7
輔導,7
27,7
÷,7
出席,7
安排,7
公,7
下,7
化,7
照表,7
有機,7
規模,7
交貨,7
秉持,7
106,7
聚,7
元,7
研究,7
控制,7
鼓勵,7
男,7
查閱,7
成果,7
淨灘,7
240,7
留任,7
公共,7
1.3,7
對照表,7
二氧化,7
碳,7
營業額,7
做,7
51,7
設有,7
潛在,7
障礙者,7
000,7
文化,7
2.4,7
問卷,7
頒獎,7
流程,7
檢查,7
未,7
回顧,7
進度,7
306,7
檢測,7
大專,7
學校,7
告,7
公益,7
產生,7
聯絡,7
聯合,7
再生,7
鄰近,7
中國,7
總幹事,7
幹事,7
0.2,7
勞工,7
二級,7
PVC,7
當年度,7
幹部,7
職,7
運用,7
當年,7
經歷,7
陸續,7
包括,7
製,7
檢驗,7
自動,7
納入,7
實務,7
註解,7
皆,7
設定,7
面積,7
CO2,7
保證,7
疫情,7
查核,7
隱私,7
樹脂,7
地表,7
最低,7
L,6
勞資,6
百萬,6
Ø,6
302,6
建議,6
國家,6
垂直,6
廢,6
Standards,6
共享,6
日數,6
受,6
約,6
邊界,6
領導,6
計算,6
愛心,6
22,6
消毒,6
26,6
新進人員,6
致力,6
複合,6
誠信,6
傳統,6
公開,6
發表,6
HDPE,6
mg,6
密度,6
投資人,6
關鍵,6
程序,6
指數,6
對外,6
科學,6
瓶頸,6
內外,6
組,6
人資,6
具,6
655,6
費用,6
行政,6
依循,6
第一,6
1.1,6
地表水,6
投資者,6
S,6
VCM,6
請,6
錄,6
寧波,6
遵守,6
43,6
現場,6
管理部,6
4.0,6
配送,6
創造,6
列管,6
區域,6
100.0%,6
41,6
獲得,6
節,6
預防,6
深化,6
第二,6
招募,6
利益,6
23,6
儲備,6
再生能源,6
公共安全,6
一次,6
工時,6
優先,6
31,6
合併,6
架構,6
40,6
表,6
25,6
開會,6
場所,6
主管機關,6
用於,6
SDGs,6
VOC,6
收容,6
捕獲,6
訂定,6
每月,6
範圍,6
學生,6
連續,6
大陸,6
資深,6
附錄,6
不定期,6
副,6
工業局,6
醫療,6
效果,6
56,6
安,6
空污,6
減碳,6
良好,6
年本,6
防疫,6
3.7,6
SGS,6
太陽,6
2021,6
II,6
資料庫,6
聚氯乙烯,6
6.3,6
工作者,6
作者,6
漂白,6
加入,6
二氧化碳,6
通勤,5
54,5
名稱,5
審計,5
停車,5
36,5
中央,5
商務旅行,5
部分,5
最,5
贊助,5
29,5
步驟,5
91,5
完全,5
就業,5
五年,5
用量,5
17,5
流水,5
續,5
北市,5
放,5
亮點,5
宣導,5
億,5
貪腐,5
監視,5
建構,5
模式,5
菱角,5
工會,5
認同,5
事務,5
1000,5
參加,5
管理處,5
綠能,5
AA,5
完成率,5
發現,5
職務,5
旅行,5
驗證,5
45,5
導入,5
討論,5
21,5
重要,5
成員,5
化學品,5
生活,5
新進,5
合格,5
圈,5
甲級,5
水污染,5
63,5
行為,5
流,5
商務,5
制定,5
彙總,5
勞動部,5
司,5
學習,5
成長,5
組別,5
綜合,5
6.5,5
PM2.5,5
至少,5
結合,5
95%,5
進一步,5
電池,5
55,5
成,5
合金,5
法定,5
307,5
585,5
一步,5
箱型,5
優化,5
202,5
p,5
膠粒,5
卸,5
穩健,5
聯合國,5
同業,5
交易,5
太陽能,5
審視,5
違失,5
支持,5
嚴格,5
人力,5
料,5
報酬,5
整治,5
專區,5
上游,5
優勢,5
CAT.6,5
設影機,5
獲,5
嘉南,5
設立,5
鋁合金,5
設計,5
取水量,5
E,5
需要,5
遭,5
間接,5
台北市,5
附,5
發票,5
夏令,5
夏令營,5
4.4,5
整體,5
固體,5
支出,5
外殼,5
公園,5
2015,5
進,5
互動,5
槽,5
100.00%,5
主動,5
客戶服務,5
0.8,5
自訂,5
保持,4
園區,4
頒發,4
操作,4
水質,4
優異,4
－,4
槽車,4
三年,4
圖,4
廢氣,4
劃分,4
行動,4
耗水量,4
創辦,4
上下游,4
認定,4
酯,4
285,4
≧,4
1.8%,4
345,4
含量,4
丁二醇,4
耗水,4
研,4
銘安,4
0.73,4
顯著,4
依法,4
層,4
測站,4
壓力,4
小計,4
防護,4
減廢,4
累計,4
季,4
製造業,4
係數,4
海洋,4
追光,4
標示,4
發性,4
產出,4
屬於,4
溶解,4
逕,4
TDS,4
世界,4
前瞻,4
正丁醇,4
1.19,4
OO,4
六輕,4
用料,4
焚化,4
火災,4
全面,4
至本,4
團隊,4
男女,4
評鑑,4
模擬,4
POE,4
煤,4
共計,4
SW,4
德州,4
交流,4
競賽,4
精進,4
響應,4
該組,4
風力,4
往來,4
回覆,4
林,4
業界,4
處分,4
報表,4
法人,4
工地,4
碳纖,4
甲基,4
丙烷,4
吸水,4
水性,4
會議,4
最高,4
吸水性,4
指揮,4
作法,4
深入,4
機,4
缺勤,4
SAP,4
最新,4
南亞,4
PP,4
包裝,4
食品,4
理處,4
總管,4
縮醛,4
運動,4
製品,4
煤區,4
實驗,4
商品,4
由本,4
職位,4
8.5,4
媒體,4
60,4
罰款,4
有害物質,4
有害物,4
仁,4
女,4
檢視,4
理法,4
源,4
94,4
民眾,4
親子,4
特定,4
國內外,4
耗用,4
末端,4
長,4
203,4
備,4
擬定,4
冷卻,4
收集量,4
設,4
90,4
無法,4
年終,4
風險管理,4
涵蓋,4
大型,4
諮詢,4
剛性,4
顯示,4
運轉,4
減重,4
2025,4
MW,4
分級管理,4
安全事件,4
研習,4
維持,4
418,4
氧化物,4
售後服務,4
第三季,4
售後,4
重視,4
期能,4
丁醇,4
對象,4
47,4
運輸,4
穩定,4
三季,4
列為,4
發,4
修訂,4
法,4
登錄,4
期間,4
解決,4
42,4
各級,4
守則,4
高密,4
高密度,4
成立,4
37,4
低於,4
80,4
產銷,4
專責,4
事,4
比較,4
類型,4
數位,4
鄰里,4
優秀,4
精神,4
提案,4
5.3,4
用心,4
追求,4
因素,4
CMD,4
對策,4
32,4
逐步,4
作,4
各類,4
共生,4
53,4
相,4
價格,4
導致,4
培養,4
汽電,4
足跡,4
88,4
資,4
新增,4
施工,4
登革熱,4
動態,4
偵測,4
永,4
協,4
48,4
透明,4
濃度,4
FTIR,4
Reporting,4
簡稱,4
景氣,4
指導,4
英國,4
18001,4
年報,4
a,4
實績,4
主軸,4
上半年,4
志工,4
五大,4
林縣,4
夥伴,4
關心,4
千萬元,4
課後,4
可行,4
雲林縣,4
績優,4
部,4
OHSAS,4
英文,4
年內,4
暑期,4
上半,4
蒸汽,4
短期,4
轉型,4
上市,4
5%,4
列入,4
共榮,4
樂活,4
複,4
透,3
永慶,3
永在,3
364,3
反,3
b,3
成功,3
744,3
廠外,3
國際標準,3
煙囪,3
會計處,3
備註,3
不含,3
王永在,3
生態,3
環氧氯丙烷,3
環氧,3
區分,3
67,3
7.6,3
量產,3
雇用,3
開立,3
及時,3
緩衝,3
以期,3
工廠,3
期,3
廢水處理,3
Goals,3
召開,3
79,3
申報,3
926,3
貯留,3
風場,3
不足,3
修復,3
辦法,3
0.05%,3
決定,3
選擇,3
專書,3
奉獻,3
丙烯腈,3
智能,3
收,3
中期,3
矩陣,3
平衡,3
以外,3
編,3
死亡,3
回,3
Formosa,3
統籌,3
網,3
分類,3
422,3
終點,3
高風險,3
後續,3
15506,3
CNS,3
期待,3
轉換,3
無風,3
澄清,3
重新,3
本年度,3
本年,3
大於,3
發放,3
無風險,3
較前,3
078,3
稅前,3
0.4,3
防堵,3
虛擬,3
白煙,3
先進,3
取代,3
問卷調查,3
材,3
招標,3
擴建,3
400,3
侵犯,3
並未,3
氣,3
2006,3
煙道,3
同步,3
發布,3
困難,3
細項,3
業務,3
照護,3
情,3
具有,3
推行,3
升級,3
期望,3
承諾書,3
現有,3
優秀人才,3
檢核,3
暨,3
營養,3
88.9%,3
英文版,3
假,3
末,3
減廢及,3
將由,3
概念,3
二季,3
第二季,3
違規,3
物品,3
出席率,3
效能,3
理,3
實施,3
材質,3
文版,3
特殊,3
考核,3
區內,3
關,3
公益活動,3
安衛室,3
工業區,3
65,3
補助,3
協議,3
期許,3
說明書,3
查詢,3
引進,3
災害,3
降,3
12019,3
公正,3
救災,3
公傷,3
窗口,3
SOP,3
發行,3
等於,3
小於,3
淡水,3
許可,3
管理制度,3
管理制,3
發包,3
數,3
＝,3
實作,3
413,3
相同,3
402,3
原因,3
啟動,3
學歷,3
消除,3
自動化,3
行,3
並視,3
道德,3
配方,3
公升,3
年初,3
調薪,3
評比,3
專人,3
鍋爐,3
500,3
工資,3
位於,3
改變,3
集集,3
攔河堰,3
職責,3
資格,3
問題,3
180,3
200,3
提,3
電機,3
駐廠,3
講座,3
D,3
34,3
詳細,3
2.0%,3
進步,3
1.9%,3
督導,3
晉升,3
14001,3
銷售量,3
處置,3
塔,3
公布,3
產品價格,3
意外,3
自行,3
電極,3
嘉義,3
情境,3
並重,3
040,3
52,3
找出,3
766,3
溶劑,3
掩埋,3
職業病,3
止漏,3
較適,3
audit,3
新型,3
容,3
案件,3
96.5%,3
據點,3
敏化,3
路,3
公斤,3
進程,3
中長期,3
中長,3
短,3
乳液,3
揮發性,3
善盡,3
事項,3
球,3
機器,3
基準,3
培育,3
台南,3
揮發,3
目,3
59,3
3.5%,3
0.6,3
數位化,3
專用,3
紅外,3
81,3
創辦人,3
排氣,3
家庭,3
展望,3
法院,3
元件,3
巡檢,3
煤倉,3
燃燒,3
35,3
發揮,3
MGGH,3
39,3
尾氣,3
國公,3
包裝容器,3
89,3
19,3
入口,3
面對,3
46,3
衛,3
生,3
71,3
狀態,3
AOI,3
物,3
理論,3
持股,3
高等,3
合理,3
非,3
固定,3
公所,3
牛奶,3
57,3
外並,3
減排,3
日期,3
總表,3
通知,3
肯定,3
專利,3
系統化,3
類,3
家,3
標準化,3
決心,3
致力於,3
學,3
保育,3
416,3
Global,3
資源化,3
展現,3
六年,3
確定,3
經驗,3
里,3
寒假,3
創意,3
2022,3
最大,3
醋酸,3
廠及,3
醋酸乙烯酯,3
一級,3
管理法,3
爆發,3
實驗室,3
參,3
目的,3
好,3
過程,3
毒性,3
重點,3
時程,3
AN,3
乙級,3
預算,3
自願,3
種類,3
美國公司,3
比重,3
Initiative,3
11.5,3
中部,3
標誌,3
北部,3
若有,3
助理,3
代表,3
工,3
南部,3
190,3
變形,3
日本,3
572,3
東部,3
間,3
正確,3
汽車,3
大廠,3
線,3
外銷,3
塑,3
477,3
呈現,3
多項,3
退換貨,2
水面,2
綠電,2
修正,2
賠償,2
換貨,2
退換,2
務,2
47.5,2
刷,2
得於,2
未達標,2
肺炎,2
產品品質,2
車輛,2
分數,2
受訓,2
說,2
病毒,2
巨蛋,2
瓶蓋,2
服務態度,2
11.6,2
8.8,2
調查結果,2
態度,2
感測,2
受傷,2
亦可,2
4.3,2
研討,2
特性,2
1%,2
13.3,2
水溝,2
查結,2
高值化,2
消費,2
3.9,2
始能,2
橡膠,2
手套,2
加,2
污泥,2
低,2
氣味,2
客戶資料,2
NBR,2
巡,2
清水,2
個人資料,2
交期,2
8.4,2
訂有,2
項次,2
明,2
高架,2
拜訪,2
93.33,2
農工,2
拓展,2
樑,2
91.72,2
93,2
小量,2
試,2
染,2
可能性,2
染料,2
興建,2
容量,2
弱點,2
風,2
92,2
程,2
市,2
Process,2
裝置,2
Safety,2
Event,2
下半,2
下半年,2
虛驚,2
發生率,2
博士,2
推廣,2
PDCA,2
跨,2
鹽酸,2
易燃易爆,2
砲,2
易爆,2
爆炸,2
備忘,2
RoHS,2
備忘錄,2
儀器,2
歐盟,2
緊急停車,2
貴重,2
註冊,2
易燃,2
條,2
拆除,2
閒置,2
每半年,2
33,2
536,2
檢,2
購置,2
海峽,2
是否,2
自辦,2
千噸,2
方法,2
展覽會,2
功率,2
更大,2
標竿,2
基礎設施,2
決策,2
以本,2
易,2
持有,2
思考,2
天,2
優點,2
發電機,2
機組,2
250,2
200M,2
室內,2
VE,2
150,2
浮台,2
計,2
全體,2
客戶關係,2
達標,2
型,2
冠狀,2
展覽,2
KPI,2
69,2
擁有,2
時效,2
發泡,2
0.09,2
香港,2
基,2
45.8,2
熱水,2
轉,2
玻璃,2
染敏,2
崙,2
PSE,2
南沙,2
近三年,2
PSM,2
逾,2
高分子,2
分子,2
高分,2
能量,2
百萬元,2
燙傷,2
改質,2
添加,2
產品開發,2
德國,2
救護,2
指,2
萬,2
非正式,2
640,2
792,2
載,2
省電,2
以此,2
聯邦,2
365,2
工讀,2
性質,2
CO2e,2
萬度,2
採用,2
年資,2
76,2
688,2
核心,2
878,2
522,2
19.3,2
污染源,2
功能,2
出具,2
顧問,2
輕工,2
輕工業,2
監測數據,2
測數據,2
CEMS,2
金,2
發獎,2
予減,2
環境衛生,2
持,2
詳如,2
污,2
已經,2
44.1%,2
IPCC,2
七項,2
獎勵制度,2
提報,2
編列,2
914,2
廢熱,2
傳輸,2
處組,2
師等,2
課長,2
724,2
70,2
26000,2
指引,2
提前,2
屆齡,2
方案,2
從事,2
所列,2
i,2
碳化物,2
碳化,2
氟,2
氫,2
氧化亞氮,2
氧化亞,2
甲烷,2
3.2%,2
73,2
56.6%,2
7.2,2
佔,2
彙總表,2
詳實,2
介紹,2
聯合報,2
合報,2
實地,2
974,2
南區,2
責,2
書,2
277,2
270,2
物理,2
百分比,2
百分,2
自行處理,2
委外,2
46.6%,2
539,2
經由,2
做好,2
77,2
環,2
61,2
115,2
份,2
管理人員,2
妥善,2
既有,2
灣,2
上述,2
視,2
清運,2
共有,2
跟車,2
廠內,2
證照,2
膠,2
股,2
518,2
形,2
以上者,2
NOx,2
97,2
政法,2
行政法,2
行政法院,2
密閉,2
儲槽,2
水準,2
超越,2
安全閥,2
跳脫,2
隔離,2
入廠,2
機動性,2
機動,2
分鐘,2
撲滅,2
採取,2
換熱,2
87,2
氮氧化物,2
行政訴訟,2
SOx,2
硫,2
物排放,2
情事,2
利,2
2011,2
餘萬,2
餘萬元,2
83,2
儀,2
漏,2
認,2
影像,2
訴訟,2
器,2
分布,2
0.11%,2
公噸,2
去化,2
1.36,2
1.17,2
月薪,2
基本工資,2
法律,2
信箱,2
式,2
減輕,2
各界,2
佈,2
管路,2
均數,2
平均數,2
重複,2
珍貴,2
冷卻水,2
敦化北路,2
入,2
流量,2
介於,2
松山區,2
227,2
257,2
510,2
統計資料,2
所示,2
敦化,2
北路,2
總量,2
216,2
移用,2
2.1%,2
供水,2
887,2
946,2
自來水,2
自來,2
知識,2
66.7%,2
訊,2
並於,2
年終獎,2
年終獎金,2
核發,2
紙杯,2
考績,2
分院,2
倉,2
五屆,2
雙,2
2014,2
都市,2
第三階段,2
三階,2
檢討會,2
更新,2
每季,2
降雨,2
需較,2
272,2
佰,2
總金額,2
攸關,2
8.2,2
9.4,2
12.2,2
12.5,2
13.1,2
Leadership,2
資源整合,2
水源,2
爭水,2
缺水,2
3.3%,2
189,2
475,2
冬山廠,2
上櫃,2
11.8,2
c,2
782.5,2
491.2,2
629.4,2
302.6,2
盟約,2
水液,2
待遇,2
吸收,2
需從,2
身障,2
進用,2
Sustainable,2
0.45%,2
放流,2
376,2
黨派,2
平,2
98,2
兩本,2
出版,2
百位,2
13.9,2
近年,2
管理工作,2
理工,2
時間,2
族裔,2
傾向,2
灑水,2
宗教,2
煤炭,2
重度,2
415,2
山區,2
成效顯著,2
≦,2
會計師,2
淨,2
疑問,2
下列,2
特別,2
週期,2
海水,2
令,2
22.87,2
659.96,2
電話,2
松山,2
鹽,2
場次,2
取,2
118,2
Development,2
224,2
不透水,2
透水,2
水層,2
38,2
2.89,2
聘用,2
341,2
344,2
產量,2
改,2
294,2
290,2
0.24,2
引用,2
健全,2
406,2
情況,2
8C,2
營收,2
股東權益,2
院校,2
大專院校,2
機具,2
廠房,2
林健,2
逾期,2
諮商,2
接受,2
管理費,2
核,2
商評,2
回覆率,2
師,2
面臨,2
工安及,2
公平交易,2
公平,2
查看,2
成為,2
不良,2
報價,2
公開招標,2
尋求,2
決議,2
座談,2
早餐,2
繳納,2
前往,2
助學金,2
專,2
集中,2
之外,2
延續,2
涉及,2
昆仲,2
效,2
王永慶,2
經費,2
商業,2
月經,2
0.15,2
降為,2
污水,2
基礎訓練,2
勞雇,2
勞資關係,2
協力,2
價,2
台化,2
交易平台,2
獲利,2
204,2
達新,2
台幣,2
額,2
排名,2
758,2
獎助學金,2
群,2
超額,2
舉行,2
辦,2
說明會,2
OA,2
簡訊,2
處理場,2
活圈,2
林勝冠,2
火警,2
基金,2
基金會,2
稽,2
查驗,2
62,2
視覺污染,2
視覺,2
定性,2
指揮官,2
事先,2
方向,2
防範,2
審理,2
意外事故,2
外事,2
不斷,2
統計數字,2
數字,2
計數,2
動,2
策,2
化工,2
職安,2
聚烯,2
台麗朗,2
獎助學,2
助學,2
工務,2
電石,2
專案組,2
獎助,2
弱勢,2
就業機會,2
8.6,2
運,2
4.5,2
控制技術,2
84,2
依本,2
端,2
階層,2
經理人,2
予以,2
之行,2
監督,2
財務報表,2
2023,2
濃,2
同意,2
鄉民,2
平等,2
相較,2
官,2
保養,2
也將,2
PTA,2
馬來,2
酐,2
月底,2
新建,2
PBS,2
PBAT,2
己二酸,2
二甲,2
對苯二甲,2
酸丁二酯,2
帶來,2
每週,2
普及,2
普及化,2
兩位,2
前瞻性,2
附加,2
致使,2
大幅,2
量子,2
轉投資,2
印象,2
兼顧,2
安環,2
創,2
環境污染,2
最長,2
先生,2
自然環境,2
表揚,2
最新消息,2
共存,2
消息,2
營造,2
地球,2
中央公園,2
聚焦,2
扮演,2
員,2
公民,2
化合,2
化合物,2
LOVE,2
控管,2
並在,2
落地,2
學術,2
體質,2
山國,2
萃煉,2
限塑,2
費,2
竹後國,2
踴躍,2
受惠,2
自然,2
超過,2
強調,2
逐年,2
分公司,2
五星,2
考,2
議,2
蒐集,2
l,2
機能,2
調,2
查,2
兩個,2
中低,2
三個,2
順序,2
聯檢,2
對本,2
考量,2
1.0,2
助,2
互信,2
了解,2
認同感,2
同感,2
心聲,2
傾聽,2
留,2
完善,2
位與,2
20%,2
衡量,2
更是,2
林場,2
編撰,2
宜蘭,2
荒野,2
水管,2
號,2
資本,2
資本額,2
臺幣,2
新臺幣,2
千元,2
848,2
金屬,2
大事記,2
周邊,2
發起,2
示意,2
清潔,2
民,2
開曼,2
貿易,2
標,2
準,2
SES,2
民間,2
低收入,2
收入,2
維護,2
LLDPE,2
關聯,2
危險,2
今年,2
低密度,2
左側,2
大掃除,2
紅外線,2
購物,2
0.40,2
傅立葉,2
區公所,2
0.31,2
19%,2
丙烯酸酯,2
線性,2
立案,2
氯氣,2
烯,2
碳素,2
碳素纖維,2
甲基丙烯酸甲酯,2
光譜,2
16%,2
越線,2
器具,2
測溫,2
外線,2
譜儀,2
用途,2
掃除,2
用品,2
管控,2
326,2
積水,2
射,2
器材,2
甲酯,2
購物袋,2
墊,2
因公,2
總人,2
架設,2
跑步,2
共聚,2
√,2
液碱,2
縮短,2
預期,2
0.26,2
光譜儀,2
產,2
激勵,2
95,2
單體,2
右側,2
新聞報導,1
820,1
30.9%,1
181,1
638,1
141,1
聯之,1
出院,1
26.3%,1
486,1
休養,1
152,1
26.0%,1
651,1
62.2%,1
12.5%,1
兼職,1
同儕,1
在家,1
37.4%,1
61.5%,1
360,1
11.5%,1
臨時,1
14.5%,1
13.6%,1
方面,1
296,1
258,1
769,1
915,1
25.0%,1
146,1
一起,1
029,1
1.2%,1
86,1
0.6%,1
49.0%,1
自走車,1
碩士,1
133,1
戶,1
全之,1
顧客,1
送禮,1
之餘,1
蟲卵,1
負面,1
互助,1
16.1%,1
行銷,1
藝術,1
民間藝術,1
417,1
證實,1
住院,1
771,1
2.3%,1
AR,1
聞報,1
13.0%,1
入新血以,1
輪動,1
清淨,1
0.5%,1
0.7%,1
長庚,1
生技,1
23.0%,1
1.4%,1
378,1
互動性,1
失,1
18.1%,1
582,1
28.0%,1
關卡,1
續加,1
家園,1
引領,1
信任感,1
疾病,1
9.71,1
病防治,1
平均年齡,1
43.0,1
疾病防治,1
偕同,1
96.7%,1
攜手,1
領,1
17.13,1
年齡層,1
居多,1
顯見,1
信任,1
下班,1
協辦,1
68.4%,1
距離,1
鄉親,1
治療,1
遺失,1
建有,1
576,1
45.6%,1
807,1
為拉進,1
元素,1
拉進,1
上班,1
489,1
恢復,1
傳達,1
新聞,1
231,1
地點,1
730,1
636,1
48.3%,1
130,1
投訴,1
遺,1
街並,1
志工掃,1
34.5%,1
454,1
8.0%,1
656,1
儲,1
144,1
DIY,1
24.6%,1
492,1
39.5%,1
放而,1
急診,1
部及,1
22.7,1
觸手,1
25.2,1
主計,1
總處,1
匣,1
碳粉,1
淋,1
數列,1
退出,1
棧板,1
資遣,1
不慎,1
四十,1
狹窄,1
26.6,1
高為,1
分佈,1
24.6,1
8.95%,1
91.05%,1
能源消耗,1
石油,1
消耗,1
8.7,1
7.8,1
化學材料,1
13.0,1
落,1
12.0,1
11.3,1
捐出,1
205,1
塑膠製品,1
空間,1
籍貫,1
蹲立,1
婚姻,1
為主若,1
遊戲,1
0.19%,1
主打,1
率則,1
0.14%,1
展及,1
互動學習,1
動手,1
流出,1
1.27%,1
任職,1
支援,1
0.21%,1
120,1
國外,1
0.00%,1
0%,1
83%,1
外貌,1
食農,1
對待,1
265,1
歧視,1
219,1
別層,1
70%,1
191,1
來自,1
接觸,1
3.06%,1
個人電腦,1
0.63%,1
2.78%,1
173,1
署,1
提前退休,1
救護車,1
職安署,1
護車,1
高級,1
值班,1
缺失,1
雖未,1
192,1
領班,1
任用,1
排,1
本次,1
首度,1
人入,1
大隊,1
項本,1
處須,1
勞工局,1
396,1
醫院,1
15.0%,1
980,1
送,1
17.3%,1
068,1
67.7%,1
3.6%,1
822,1
67.6%,1
全職,1
218,1
55.4,1
水體,1
總重,1
25.8%,1
消防局,1
寒暑,1
0.06%,1
0.66%,1
0.16%,1
0.26%,1
2429,1
1523,1
0.03%,1
0.90%,1
0.08%,1
總重量,1
1.57%,1
實,1
0.27%,1
腳,1
264.1,1
0.87%,1
0.82%,1
重量,1
偏低,1
23.7%,1
率均,1
4%,1
扣除,1
率約,1
1.54%,1
足見,1
四天,1
顧及,1
受放,1
別及,1
督察,1
0.10%,1
0.43%,1
本國,1
年級,1
96.4%,1
215,1
一百,1
一百萬,1
一百萬元,1
既設,1
構圖,1
架構圖,1
74,1
204.6,1
高市,1
601.5,1
20.15,1
控制室,1
用為期,1
121,1
311.8,1
816.5,1
鍰,1
罰,1
單一,1
定義,1
柢,1
直至,1
區姑,1
關切,1
盡量,1
釐清,1
外界,1
誤解,1
光纖網,1
午餐,1
中低收入,1
因屬,1
業而成,1
宴請,1
24P,1
2009,1
認本,1
血糖,1
複檢,1
班,1
醫,1
有失,1
體健,1
公允,1
有失公允,1
越界,1
每學年,1
在職,1
跌倒,1
區竹後國,1
光學,1
血脂,1
紅菱,1
秋,1
埤塘,1
饗宴,1
異常者,1
外圍,1
外圍設備,1
職員,1
盛大舉行,1
延遲,1
盛大,1
不法,1
在職員工,1
倒蓋,1
車牌,1
裁罰,1
083,1
貨車,1
學年,1
然本,1
清,1
健康檢查,1
根究,1
追,1
一同,1
液晶,1
告之,1
需將,1
出入口,1
輸入,1
起由麥,1
上學,1
出入,1
站,1
域,1
捷運,1
毒,1
毒理,1
NVR,1
Outline,1
主機,1
含廠,1
旁,1
燈箱,1
氨,1
螢幕,1
外配,1
家境清寒,1
命名,1
數皆,1
清寒,1
隔代,1
685,1
家境,1
85,1
種化,1
教養,1
教育資源,1
2012,1
本公,1
揮汗,1
場及,1
Document,1
疏散,1
理解,1
美食,1
入菜,1
充氣,1
享用,1
解惑,1
機櫃,1
破孔止,1
鋼瓶,1
閥件,1
本責本,1
大樹,1
嚴格遵守,1
希望,1
罰單,1
嚴恪,1
課程內容,1
021,1
經發局,1
實兵演練,1
熟悉,1
96,1
完好,1
以上學歷,1
保署,1
課輔,1
ITG,1
運送,1
15U,1
壁掛,1
壁掛式,1
倒,1
教師,1
未能,1
實兵,1
週三,1
撤銷,1
喚起,1
汽油,1
俗稱,1
2.34%,1
柴油,1
車,1
內涵,1
16.7,1
ICC,1
油車,1
動員,1
汽油車,1
及揚塵,1
各淨灘,1
5.31,1
8.82,1
綜上,1
場外,1
0.44,1
受六,1
整年,1
過之,1
36.6,1
境內,1
載運,1
孳,1
源及,1
面源,1
如揚塵,1
餐飲,1
油煙,1
祭,1
20.0,1
18.8,1
業及,1
業的,1
5.94,1
日報,1
五地,1
市府,1
科大,1
四至,1
美元,1
萬美元,1
1.92%,1
並將,1
六年級,1
與非,1
創業,1
相似,1
健檢,1
契約,1
醫學,1
挹注,1
鄉里,1
工讀生,1
愛護,1
和解,1
全面性,1
國,1
原告,1
一向,1
419,1
戮力,1
現況,1
前來,1
參訪,1
方便,1
合辦,1
體會,1
指正,1
國聯,1
自我,1
美國聯邦,1
淨水,1
法本,1
境外,1
空品區,1
第二年,1
毒災,1
包商,1
捐助,1
2013,1
火勢,1
司機,1
日益減少,1
全廠,1
當日,1
二年,1
檢出,1
不安,1
深,1
翻轉,1
感,1
抱歉,1
田已,1
主辦,1
悠遊,1
康,1
火,1
再於,1
601,1
每週三,1
一瓶,1
嗣,1
姑,1
提起,1
認養,1
現由,1
儲煤,1
凌晨,1
卸料,1
健,1
開啟,1
滅,1
探討,1
深入探討,1
煤車,1
球類,1
排污,1
感謝狀,1
感謝,1
773,1
每人,1
五百位,1
嘉義市,1
五百,1
生源,1
南市,1
台南市,1
則是,1
下風,1
處此,1
相符,1
樂於,1
附近,1
保持良好,1
廟會,1
首次,1
app,1
聯歡,1
冬,1
節慶,1
刊載,1
乙文,1
行長,1
執行長,1
指出,1
令營,1
自強,1
村里,1
運動會,1
校慶,1
紙本,1
解釋,1
0.02%,1
制訂,1
危險性,1
危險物品,1
中央研究院,1
籌辦,1
危險物,1
之台灣,1
應用領域,1
專題,1
衛生法,1
專題講座,1
66,1
263,1
訓人,1
受訓人,1
574,1
次氯酸,1
各階,1
184,1
520,1
研究院,1
PHA,1
職前,1
99.5,1
消防安全,1
567,1
工作細則,1
關斷,1
專業訓練,1
及大,1
之新,1
細則,1
各階層,1
氯酸鈉,1
如有,1
指派,1
時能,1
DMF,1
351,1
50.4,1
49.3,1
55.3,1
48.0,1
29.3,1
法定時限,1
47.9,1
101,1
時限,1
酸鈉,1
免,1
45.4,1
定時,1
23.2,1
18.0,1
18.6,1
25.9,1
29.8,1
氯酸,1
座將,1
18.3,1
氫氣,1
C4,1
036,1
239,1
5G,1
結案,1
氣爆,1
鄉民代表,1
高處,1
職級,1
13.5,1
82,1
26.0,1
鄉長,1
村,1
702,1
全方位,1
0.56%,1
配置,1
對症,1
診斷,1
率指,1
程序化,1
量測,1
等資,1
財務報告,1
211,1
395,1
352,1
負擔,1
西螺,1
運費,1
文書,1
計畫並,1
若為,1
308,1
276,1
534,1
342,1
原液,1
72,1
912,1
對症下藥,1
名且,1
全數,1
下藥,1
IS0,1
371,1
298,1
315,1
﹪,1
10cc,1
另為,1
教導,1
夜間,1
變化,1
方位,1
留用,1
453,1
年終考績,1
客觀,1
客觀性,1
外再視,1
664,1
166,1
904,1
水做,1
連結,1
並與,1
贏的,1
一套,1
桃園,1
完整,1
體系,1
終考,1
夜間部,1
並據,1
勞資雙方,1
周知,1
和諧,1
險,1
想法,1
換有,1
職工,1
職工福利,1
委,1
800,1
員會,1
次氯酸鈉,1
910,1
公尺,1
以汰,1
雙方,1
彰化,1
帶領,1
統,1
預案,1
以人,1
若需,1
境,1
plan,1
本質,1
硬體,1
Pre,1
應急,1
應於,1
畫及,1
應變計,1
處理程序,1
引導,1
避難,1
三次,1
評分,1
57.3%,1
40.8%,1
尚可,1
生態環境,1
登革,1
新知,1
俾,1
八卦,1
視野,1
請求,1
活化,1
劉祖華,1
王,1
校長,1
合影,1
079,1
學員,1
合照,1
68,1
三名,1
子弟,1
46.9,1
頻繁,1
病假,1
天數,1
表定,1
湖之,1
424,1
Likelihood,1
停產,1
不太可能,1
權責,1
大規,1
大規模,1
臨界,1
環境影響,1
主,1
後果,1
忽略,1
Step3,1
Step2,1
Step1,1
時將,1
分工,1
規章,1
判斷,1
夏天,1
工安以,1
熱,1
組織化,1
消防法,1
表提,1
75,1
報經,1
大灣,1
審核,1
疫區,1
確有,1
啟動廠,1
二場,1
職能,1
52.0,1
嚴重威脅,1
56.7,1
威脅,1
47.2,1
見樂,1
25.7,1
46.6,1
44.8,1
聯防,1
46.8,1
128,1
單元,1
年樂,1
113,1
649,1
外民眾,1
腐蝕,1
26.3,1
速率,1
21.3,1
系,1
59.8,1
內將,1
內以,1
48.6,1
25.3,1
45.5,1
54.5,1
15.3,1
速報,1
小農,1
詳情請,1
克服,1
32.5,1
19.4,1
外對,1
擴及,1
27.0,1
第二階段,1
梯次,1
每梯,1
參訓,1
119,1
570,1
二階,1
發展趨勢,1
獅甲國,1
第一階段,1
小校,1
老師,1
赴,1
深度,1
協同,1
水噴及,1
842,1
訓,1
33.3,1
培,1
44.2,1
66.2,1
58.6,1
57.4,1
樂,1
均攤,1
44.3,1
熱噴,1
64.9,1
54.6,1
55.1,1
屬,1
流體,1
繁複,1
為主故,1
符合條件,1
被動,1
45001,1
107,1
槍量,1
已降,1
未與工,1
利益衝突,1
室溫,1
衝突,1
商失,1
0.18,1
給付,1
1.25,1
755,1
996,1
提撥,1
並由,1
準備,1
準備金,1
適當,1
協約,1
利害關係,1
依其學,1
高溫,1
福利制度,1
PSER,1
動等,1
敘薪條,1
訂單,1
建設,1
表列,1
議價,1
詢價,1
Rate,1
拆卸,1
界定,1
排空,1
依其,1
紀律,1
退休金,1
088,1
做法,1
會員,1
性騷擾,1
倡議,1
霸凌,1
健男,1
預警,1
新版,1
具體做法,1
致贈,1
商及,1
課程表,1
獎牌,1
分攤,1
人口,1
講述,1
136,1
決策者,1
回報,1
倫理,1
主席,1
退,1
休,1
遴選,1
紀念,1
噴濺,1
紀念品,1
任人,1
夾傷,1
責任人,1
事組,1
童工,1
非法,1
商因,1
豔,1
提名,1
重編,1
廟宇,1
社團,1
時因,1
輕度,1
管理效率,1
殘存,1
保障法,1
槽內,1
彩繪,1
索引,1
貨運,1
福利制,1
大榮,1
袋,1
液位計,1
年敦,1
條規,1
毛細管,1
勞保,1
燒,1
推,1
確信,1
加倍,1
230,1
3.69%,1
男女比例,1
13.21%,1
86.79%,1
灼,1
86.84%,1
同職,1
99.81%,1
地位,1
分配,1
金獅,1
權,1
益,1
輕鬆,1
投保,1
宣告,1
少於,1
傷為,1
280,1
58.4%,1
無重編,1
260,1
敬老,1
強,1
59.6%,1
係指,1
戶籍,1
戶籍地,1
為同,1
縣市,1
吸引,1
李,1
安全檢查,1
283,1
重陽,1
該條,1
拆,1
人以,1
細管,1
核計,1
錄取,1
聯絡人,1
毛細,1
55%,1
鄰道,1
回答,1
養護,1
310,1
304,1
付款,1
58.7%,1
293,1
方可,1
775,1
撫育,1
同期,1
商登入,1
分裝,1
網下,1
至官,1
兩年,1
0.17,1
去年同期,1
商應,1
362,1
傳播,1
近兩年,1
位數,1
中位數,1
279,1
學程,1
盼能,1
雙重,1
市集,1
訂購,1
99.4%,1
0.04,1
列表,1
005,1
並達,1
必要,1
0.05,1
書面,1
0.02,1
379,1
78,1
大專班,1
397,1
發函,1
如同,1
發送,1
去年,1
立場,1
197.9,1
噴藥,1
籃球,1
稽查,1
即配,1
競賽活動,1
中原大學,1
化工系,1
2400cc,1
兩週,1
對抗,1
0.25,1
建教合作,1
附設,1
2007,1
稀釋,1
哺乳,1
哺乳室,1
原大,1
緬懷,1
0.16,1
0.22,1
0.06,1
99.5%,1
64,1
優質,1
福,1
0.01,1
安衛,1
及大眾,1
實際行動,1
混用,1
派駐,1
海外,1
中原,1
汰換,1
E化,1
舉,1
總部,1
991,1
轉化,1
自發性,1
527,1
自發,1
現象,1
確實,1
獎勵金,1
精,1
罰扣,1
幅度,1
ABC,1
122,1
三級,1
284,1
定將,1
規,1
F,1
全意,1
防護衣,1
外移,1
隔熱,1
716,1
864,1
217,1
概述,1
簡述,1
544,1
全球化,1
時代,1
爭議,1
反思,1
安全意識,1
處境,1
意識,1
934,1
472,1
低將,1
六級,1
圖式,1
輔具,1
104%,1
敘薪將,1
依學,1
0.57,1
178%,1
供,1
所有權,1
有權,1
裝載,1
合約,1
詳列,1
位置,1
0.64,1
包金,1
之決,1
特色,1
隨貨附,1
之女,1
輻射,1
水及,1
隨貨,1
男員工,1
年份,1
得分,1
0.75,1
1.46,1
明志,1
1.41,1
92.56,1
1.22,1
形式,1
1.20,1
證明,1
無輻射,1
騷擾,1
少數,1
妥善處理,1
造林,1
擬訂,1
監,1
督,1
編訂,1
經本,1
開會討論,1
呈報,1
衛生處,1
營管組,1
人事,1
道德規範,1
情勢,1
無洩漏,1
機密,1
品行,1
不端,1
品行不端,1
營私,1
舞弊,1
營私舞弊,1
挪用,1
公款,1
由林健,1
聯繫,1
絡,1
聯,1
之選,1
解,1
任適,1
任性,1
獨立性,1
規則,1
存在,1
問答,1
問答集,1
解答,1
常見,1
常見問題,1
觀測,1
觀測站,1
業績,1
對面,1
面對面,1
發言,1
發言人,1
投,1
論壇,1
挪用公款,1
確定性,1
善處,1
東北,1
下表所列,1
十名,1
前十名,1
市占率,1
67%,1
下表,1
自供,1
71%,1
AE,1
90%,1
北亞,1
不確定性,1
東北亞,1
北美,1
中南,1
南美,1
中南美,1
ECH,1
66%,1
歐洲,1
中東,1
14%,1
名列前茅,1
前茅,1
名列,1
氰酸,1
密切,1
適時,1
經營策略,1
上中,1
中下,1
上中下,1
中下游,1
上中下游,1
建並,1
擴充,1
濟,1
降低生產,1
滿足,1
中間,1
二氯,1
乙烷,1
氯乙烷,1
二氯乙烷,1
→,1
丁基,1
醚,1
簽證,1
表達,1
允當,1
膠原,1
營所稅,1
報酬率,1
41.81,1
37.05,1
10.59,1
業協會,1
產業協會,1
監事,1
理監事,1
灣區,1
塑膠原料,1
胃納,1
公會,1
同業公會,1
理事,1
理事長,1
擔,1
以來,1
先鋒,1
急先鋒,1
移轉,1
轉到,1
營業稅,1
總額,1
稅賦,1
5.86,1
複合材料,1
財報,1
富比,1
士,1
雜誌,1
Forbes,1
公佈,1
二千,1
The,1
World,1
s,1
Biggest,1
Public,1
Companies,1
List,1
數年,1
名次,1
躋身,1
國際性,1
每股,1
盈餘,1
移轉到,1
工業界,1
並成,1
東大,1
股東大會,1
直屬,1
儲運,1
成品,1
學有,1
專精,1
豐富,1
經驗豐富,1
人士,1
為本,1
適切,1
之策,1
治,1
質押,1
金管會,1
2%,1
14.93,1
0.81,1
並向,1
引發,1
逾越,1
大會,1
張嘉澤,1
為作,1
縝密,1
育英,1
搖籃,1
GDP,1
獲選,1
第八,1
八屆,1
第八屆,1
院士,1
傳統產業,1
時刻,1
藉此機會,1
及綠能,1
建言,1
能為,1
貢獻,1
一己,1
之力,1
典範,1
形塑,1
守法,1
周延,1
33%,1
非洲,1
NBA,1
摻,1
叢集,1
computer,1
cluster,1
運算,1
分析化學,1
開,1
拓,1
纖凝,1
PE,1
混,1
較佳,1
壓蓋,1
親水,1
絲,1
移,1
溫度,1
官能,1
積垢,1
成份,1
畫面,1
膨脹,1
聚合,1
學術界,1
成熟,1
舊,1
有別於,1
料可應,1
礦泉,1
泉水,1
礦泉水,1
飲,1
8001BL7301U,1
材具,1
成本低,1
成型,1
片狀,1
模,1
漿液,1
塑料,1
SMC,1
拉擠,1
出級,1
藥瓶,1
藥水,1
水瓶,1
藥水瓶,1
有別,1
聚合物,1
交聯,1
意圖,1
算法,1
遍地,1
開花,1
遍地開花,1
五項,1
歷史,1
模型,1
預測,1
等並,1
無毒,1
綠,1
色,1
REACH,1
藥物,1
管理局,1
FDA,1
甲基丙烯酸酯,1
藥典,1
USP,1
JHOSPA,1
PL,1
添加物,1
演算法,1
演算,1
示意圖,1
全資,1
第五,1
第五屆,1
六甲,1
三代,1
第三代,1
陽電,1
太陽電池,1
科學城,1
打造,1
核准,1
發計畫,1
山形,1
李紹唐,1
可用,1
對內,1
交流平台,1
交,1
伺服,1
伺服器,1
高速,1
計算能力,1
8020,1
8040C,1
93%,1
台麗,1
永嘉,1
玩具,1
食品容器,1
家庭用品,1
YUNGSOX,1
塑鋼,1
縮醛樹脂,1
輸送,1
機械,1
FORMOCON,1
碳絲,1
射蓋,1
航太,1
車用,1
運動器材,1
TAIRYFIL,1
台速保,1
紙尿褲,1
尿,1
衛生棉,1
TAISAP,1
台麗保,1
共聚物,1
TAISOX,1
鞋材,1
用膜,1
紐澳,1
8%,1
51%,1
45%,1
46%,1
MMA,1
35%,1
56%,1
39%,1
東南,1
東南亞,1
30%,1
EVA,1
品,1
途,1
FORMOLON,1
一粉,1
膠皮,1
建材,1
裝袋,1
包裝袋,1
農,1
園藝,1
保水,1
總支,1
164,1
PR900G,1
丁腈橡膠,1
混合,1
浸漬,1
醯胺,1
聚醯胺,1
酸,1
可作,1
H,1
泌尿,1
泌尿系,1
泌尿系統,1
篩,1
2O2,1
表面,1
基材,1
感度,1
生醫,1
應用性,1
兼具,1
總支出,1
證,1
水劑,1
保護網,1
保水劑,1
改質劑,1
TAIRYSORB,1
鈣茂龍,1
奈米,1
鈣劑,1
垃圾,1
垃圾袋,1
編織,1
編織袋,1
押出,1
NANO,1
CALMALON,1
股東會,1
高值,1
化及,1
綠材,1
技術開發,1
加快,1
產品化,1
關鍵技術,1
倍數,1
利息,1
流動比率,1
972,1
泥,1
再利,1
源化,1
已送,1
手,1
抽測,1
異,1
隨即,1
尋找,1
源並,1
水電,1
最適,1
已達,1
除麥,1
可達,1
已有,1
TSPSO,1
高標,1
高標準,1
XNOXVOC,1
3%,1
電力設施,1
氟化鈣,1
化鈣,1
氟化,1
脫硫,1
項將,1
發電機組,1
調度,1
試量,1
產線,1
將視,1
8.9,1
動能,1
儀器設備,1
驗,1
前將,1
新興,1
147,1
四季,1
第四季,1
競,1
爭,1
擬具,1
6.4,1
7.3,1
12.4,1
NO,1
環違失,1
XSOX,1
中英,1
明度,1
透明度,1
上線,1
共分,1
系統性,1
自有,1
受過,1
0.32,1
保存,1
資產,1
高雄廠,1
舊址,1
開放,1
對外開放,1
名較,1
47%,1
CCTV,1
死角,1
智能化,1
人臉,1
零職災,1
中英文,1
發掘,1
加嚴,1
早,1
燃煤,1
460CMD,1
110CMD,1
成率,1
85.8,1
朝向,1
可行性,1
4.7,1
詳見,1
弱勢團體,1
鄰及,1
動詳,1
座談會,1
226,1
訪談,1
張老,1
解決困難,1
留住,1
駐點,1
敏感,1
敏感度,1
化操,1
訊息,1
宜並,1
子公司,1
日止,1
iv,1
上市公司,1
v,1
vi,1
所載,1
主不含,1
轉投,1
vii,1
UN,1
前述,1
另自,1
不符,1
者將,1
數據資料,1
財務數據,1
部份,1
歡迎您,1
寶貴,1
慣用,1
文字,1
數值,1
日起,1
iii,1
衝擊性,1
性及,1
Report,1
限,1
企,1
社,1
 ,1
循,1
通用,1
發佈,1
推估,1
章,1
選項,1
指導方針,1
註明,1
撰寫,1
場與,1
之作,1
ii,1
當責性,1
包容,1
容性,1
包容性,1
例外,1
將於,1
小姐,1
項細項,1
389111213,1
467,1
項為,1
次要,1
海內,1
海內外,1
預,1
定於,1
本計畫,1
需用,1
變更,1
甲種,1
業經,1
內政,1
審議,1
生效,1
南,1
詳請,1
36.3%,1
藍圖,1
接軌,1
Targets,1
1000AS,1
886,1
Institution,1
2712,1
2211,1
分機,1
6028,1
地址,1
10508,1
號前,1
棟,1
四樓,1
綱領,1
電子信箱,1
fpccsr,1
fpc,1
com,1
tw,1
實質,1
實質性,1
皆經,1
信譽,1
卓著,1
British,1
逐步完善,1
119.4,1
流動,1
207,1
至善,1
1954,1
1964,1
總公司,1
辦事,1
辦事處,1
樓,1
越南,1
657,1
408,1
識別,1
產業鏈,1
識別系統,1
連鎖,1
造型,1
符號,1
以台,1
字,1
並盡,1
當時,1
商標,1
樣貌,1
止於,1
樸實,1
勤勞,1
身體力行,1
前提,1
減碳並,1
應變能力,1
杜絕,1
能成,1
期能成,1
並為,1
敬,1
一員,1
六十,1
十餘,1
餘年,1
六十餘,1
十餘年,1
六十餘年,1
辦人,1
一再,1
一再強調,1
身體,1
體力,1
力行,1
參酌,1
Stakeholder,1
Engagement,1
重要性,1
此次,1
中以,1
性議,1
題並,1
反饋,1
0.00,1
精準,1
意義,1
適度,1
一本,1
多樣,1
多樣性,1
多元化,1
職涯,1
和持,1
出之五,1
衝,1
擊到,1
兩類,1
促成,1
負債,1
排列,1
強度,1
Standard,1
構面,1
依賴,1
依賴性,1
影響力,1
觀點,1
力,1
屬性,1
流暢,1
性作,1
編輯,1
合,1
類主,1
G,1
o,1
InitiativesGRI,1
十大,1
等經,1
篩選,1
營業處,1
838,1
排序,1
對公,1
導向,1
管理模式,1
96.5,1
希冀,1
有量,1
無價,1
認列,1
勝,1
收益,1
額均,1
出現,1
衰退,1
力求,1
突破,1
不景氣,1
優,1
拓銷,1
行列,1
低成本,1
降低成本,1
一點,1
一滴,1
一點一滴,1
理化,1
合理化,1
諸多,1
低迷,1
下跌,1
拖累,1
供給,1
59.6,1
行政院,1
獎,1
無常,1
充滿,1
變數,1
受到,1
美,1
貿易戰,1
干擾,1
走緩,1
房地,1
地產,1
房地產,1
不佳,1
鋁,1
塗料,1
紡織,1
家電,1
萎縮,1
大量,1
挑戰,1
答謝,1
一路,1
一個,1
美好未來,1
242,1
削減,1
194,1
VOCs,1
及油,1
水氣,1
粉粒,1
學術研究,1
發計,1
畫業,1
即可,1
水二,1
丁二酸,1
共好,1
浪潮,1
塑身,1
過去,1
AI5G,1
區塊,1
鏈,1
美好,1
許諾,1
路上,1
道路,1
一路上,1
身為,1
角色,1
三大,1
九項,1
實踐,1
共存共榮,1
歷經,1
多來,1
證交所,1
99,1
成分,1
成分股,1
節約,1
節約能源,1
值得,1
值得一提,1
榮獲,1
獎在,1
堅信,1
一條,1
許可證,1
液鹼,1
片粒鹼,1
827,1
GWP,1
BSISGS,1
證書,1
等級證書,1
102.8658,1
101.4640,1
575,1
591,1
662.3530,1
047.5350,1
153,1
43.4%,1
765.2188,1
148.9990,1
游,1
322,1
857,1
117,1
NA,1
179,1
532,1
724.09,1
潛勢,1
暖化,1
第四次,1
四次,1
14.0,1
450.5,1
27.2,1
500.8,1
253.6,1
16.5,1
81.1,1
504.7,1
28.3,1
884.4,1
28.7%,1
9.2%,1
57.0%,1
0.0%,1
二依,1
台電,1
主皆採,1
控制權,1
以前,1
二次,1
第二次,1
061,1
443,1
871,1
片,1
供電,1
66.6,1
累積,1
151.8,1
809,1
0.533,1
CO,1
47.4,1
110,1
1.60,1
3.47,1
12.26,1
0.52,1
243,1
5.50,1
1.63,1
6.37,1
281.58,1
341.23,1
5.12,1
0.83,1
板,1
669,1
765,1
兩套,1
940,1
056,1
968.29,1
060,1
474,1
183,1
854,1
149,1
251,1
433.29,1
836,1
493,1
008,1
247,1
714,1
10.699,1
387,1
大樓,1
車場,1
停車場,1
頂樓,1
1.7,1
383.6,1
12.22,1
理性,1
領域專家,1
另有,1
氯,1
有機溶劑,1
整,1
治及,1
圍封,1
尚,1
土地,1
能朝,1
邁進,1
0.0,1
分類管理,1
廠為,1
例為,1
處理廠,1
無機,1
套,1
連線,1
標準值,1
後勁,1
溪,1
迄今,1
觀念,1
推展,1
台灣土,1
公頃,1
均會,1
排入,1
匯流,1
池後由,1
口排,1
從早,1
期之監,1
測,1
為主,1
至以,1
年來,1
出資,1
過產,1
過產官,1
學界,1
中央大學,1
中興,1
興大,1
中興大學,1
雄,1
遊憩,1
改造,1
4.8,1
揮,1
使用率,1
呈,1
並提,1
年度預算,1
耗能,1
IE,1
不等,1
為善,1
14064,1
清冊,1
並委由,1
一及,1
正確性,1
並作,1
日後,1
原先,1
三項,1
246.4,1
14.8,1
67.1,1
54.2,1
用率,1
以發,1
里長,1
之能,1
之海放管,1
大海,1
全海放,1
pH,1
COD,1
SS,1
476,1
050,1
7.5,1
468,1
829,1
32.25,1
依水,1
污法,1
原僅,1
CWMS,1
心,1
式作業,1
重複使用,1
利用設備,1
跨廠,1
100.80,1
5.93,1
裝卸,1
178.407,1
有機物,1
25.268,1
87.024,1
243.259,1
22.609,1
8.878,1
9.077,1
396.115,1
粒狀,1
TSP,1
50.623,1
重油,1
41.939,1
1.134,1
11.296,1
283.399,1
廢油,1
可回收,1
POX,1
反應器,1
替代,1
輕油,1
657.628,1
124.325,1
0.521,1
257.591,1
天然,1
天然氣,1
GasFindIR,1
查找,1
眼晴,1
不易,1
發覺,1
洩,1
漏點,1
維修,1
Gas,1
Find,1
IR,1
518.231,1
171.596,1
324.086,1
0.791,1
1.321,1
016.025,1
964.839,1
310.352,1
重合,1
離新,1
乾燥,1
897,1
6.2%,1
841,1
925,1
固化,1
512,1
573,1
28.1%,1
271,1
62.6%,1
9.3%,1
危害性,1
素質,1
人員素質,1
116,1
抽查,1
警報,1
一律,1
訪查,1
商會,1
廠商會,1
訪視,1
53.2%,1
389,1
己烷,1
508,1
最小,1
最小化,1
大化,1
最大化,1
以麥,1
保溫,1
棉為例,1
料粒,1
管溝,1
回填,1
232,1
總產,1
處理方式,1
出量,1
產出量,1
50.2%,1
547,1
11.2%,1
259,1
348,1
29.4%,1
微,1
已將,1
119.43,1
驟冷,1
當量,1
15.56,1
4.09,1
氧氣,1
改由,1
東聯,1
購氣,1
節電,1
927,1
塑膠廠,1
熱能,1
加熱,1
可節汽,1
裂解,1
爐,1
0.23,1
防止,1
並加嚴,1
建廠,1
設計階段,1
BAT,1
BACT,1
14.74,1
0.29,1
105,1
27.56,1
蒸氣,1
收場,1
換新,1
汰舊換新,1
焚化爐,1
100.22,1
焦耳,1
772,1
990,1
220,1
436,1
637,1
624,1
432,1
123,1
928,1
721,1
因節汽,1
節燃,1
連帶,1
399,1
空,1
異味,1
秉,1
紅外光,1
發現異常,1
生產廠,1
例,1
歲修,1
採,1
名為,1
代理,1
代理人,1
考試,1
測驗,1
順利,1
國家標準,1
選用,1
進口,1
含硫,1
含硫量,1
熱媒,1
管式,1
煙氣,1
之屑,1
集至,1
紅外光譜儀,1
購,1
大眾,1
更多,1
準確,1
準確性,1
TUV,1
萊因,1
監護,1
顧問公司,1
system,1
data,1
performance,1
大部,1
大部分,1
著手,1
監測網,1
盛行,1
風向,1
由內,1
八層,1
監控,1
以利,1
儘速,1
追查,1
下雨,1
因工鹽,1
石灰,1
品牌形象,1
生產商,1
經銷,1
經銷商,1
貿易商,1
終端,1
消費者,1
9001,1
內外銷,1
隨時,1
形象,1
乙項,1
貨船,1
因受,1
原物,1
行情,1
波動,1
調漲,1
故未,1
高於,1
將會,1
改進,1
技術人員,1
研討會,1
隱私權,1
對話,1
接獲,1
廣州,1
橡塑展,1
月台,1
展,1
留言,1
網上,1
服,1
專線,1
郵件,1
電子郵件,1
賠償申請,1
員以,1
客訴,1
處理表,1
折讓,1
權限,1
外若因,1
申請單,1
經審查,1
限定,1
途徑,1
49.2,1
52.2,1
一季,1
塑膠產品,1
年半會,1
分解成,1
為水,1
堆肥,1
天內,1
中科,1
虎尾,1
聚丁,1
二酸,1
產品認證,1
利用生物,1
製作,1
樣張,1
綜理,1
並受,1
衛生室,1
處務,1
武安,1
衛室,1
另本,1
會安環,1
年半,1
吸管,1
第一季,1
餐具,1
126.5,1
130.2,1
脫氫,1
PDH,1
前鎮,1
碼槽,1
須,1
遷移,1
洲際,1
二期,1
高雄港,1
承租,1
土,1
地及,1
碼頭,1
貯槽,1
加工,1
股權,1
自用,1
一次性,1
民生,1
港,1
雙贏,1
衛環,1
大除,1
機系統,1
商之,1
9.5,1
估算,1
700,1
相當,1
當於,1
相當於,1
650,1
噸為,1
規格,1
良性循環,1
產品規格,1
齊全,1
絲束,1
安定,1
安定性,1
高且,1
旋轉,1
風不,1
壽命,1
壽命長,1
若依,1
GW,1
5.5,1
地化,1
食用,1
佈局,1
簽訂,1
化並,1
前景,1
發展前景,1
適合,1
大型化,1
過重,1
撞擊,1
塔柱,1
玻璃纖維,1
部位,1
Shell,1
殼體,1
Spar,1
Cap,1
Root,1
葉根,1
Core,1
芯材,1
相對,1
歐美,1
整機,1
巨型,1
185M,1
142M,1
130M,1
145M,1
170M,1
100M,1
120M,1
90M,1
76M,1
2000,1
2005,1
2010,1
2MW,1
5.0,1
10MW,1
15MW,1
夥伴關係,1
全體同仁,1
期盼,1
形成,1
良性,1
300M,1
心力,1
唯一,1
一份,1
生產鏈,1
原油,1
原絲,1
除台灣,1
工程技術,1
裝機,1
尺寸,1
逐漸,1
年時,1
功率較,1
現今,1
58%,1
組件,1
發達,1
大風,1
場來,1
安裝,1
高品質,1
支,1
58,1
全世界,1
長安,1
商等,1
口,1
環評,1
161,1
214,1
3.20,1
1.09,1
4.29,1
4.89,1
9.18,1
0.54,1
0.19,1
0.97,1
核配,1
44.41,1
監管,1
佳,1
生活區,1
善,1
所致,1
541,1
531,1
264,1
374,1
445,1
年節,1
低值,1
V,1
蒸,1
542.40,1
334.82,1
023.33,1
2.10,1
237.93,1
199.11,1
611.28,1
336.92,1
282.34,1
056.46,1
969.83,1
自結,1
須經,1
水為,1
取自,1
尚無,1
提早,1
行將,1
壓,1
力區,1
分為,1
2.98,1
2.85,1
2.83,1
離子,1
連續式,1
更換,1
立方,1
立方米,1
每天,1
323.9,1
864.9,1
188.8,1
406.3,1
委由,1
依法處理,1
422.48,1
168.76,1
34.32,1
652.94,1
273.96,1
11.07,1
總耗,1
563.53,1
天候,1
故水措,1
鹼性,1
EDC,1
修改,1
去除,1
儲存,1
465,1
高達,1
110.2%,1
雨量,1
降雨量,1
605,1
64.4,1
79.8,1
98.1,1
110.2,1
達到最佳,1
例分,1
期程,1
分享,1
吸收塔,1
批次,1
替換,1
環水,1
循環水,1
氣提塔,1
857.35,1
45.55,1
合規,1
河水,1
第一家,1
環境效益,1
會計制度,1
花費,1
品之,1
衍生,1
446,1
54.5%,1
由此,1
專業知識,1
時設,1
最佳化,1
政令,1
多次重,1
多次重複,1
水如,1
冷卻系統,1
蒸發,1
負荷,1
施,1
及廠,1
享,1
一家,1
所屬,1
相信,1
始終,1
聲,1
譽,1
強降雨,1
造,1
電價,1
上漲,1
及管,1
與民,1
淹水,1
水位,1
及天,1
然氣,1
效應,1
Carbon,1
Disclosure,1
Project,1
邀請,1
評價,1
認知,1
Awareness,1
請見,1
觀,1
摩,1
一二,1
1.5%,1
163,1
138,1
328,1
182,1
450,1
256,1
618,1
006,1
778,1
840,1
301,1
1.7%,1
274,1
196,1
053,1
391,1
局集,1
集攔,1
河堰,1
排擠,1
農民,1
186,1
317,1
第一二,1
976,1
名廠,1
最差,1
減發廠,1
以資,1
警惕,1
處將,1
全公,1
齊心,1
武林,1
園,1
群中,1
產業界,1
主流,1
構之,1
調用,1
之間,1
供水量,1
僅占,1
灌溉,1
集集堰入,1
234,1
未命名,1
